<?xml version="1.0" encoding="UTF-8"?>
<metadata xml:lang="en"><Esri><CreaDate>20190314</CreaDate><CreaTime>11094300</CreaTime><ArcGISFormat>1.0</ArcGISFormat><SyncOnce>FALSE</SyncOnce><DataProperties><itemProps><itemLocation><linkage Sync="TRUE">file://\\OCHA-00158\C$\Users\jmarinos\Documents\ArcGIS\Default.gdb</linkage><protocol Sync="TRUE">Local Area Network</protocol></itemLocation><itemName Sync="TRUE">storm_tracksCopy_Merge</itemName><imsContentType Sync="TRUE">002</imsContentType></itemProps><copyHistory><copy source="G:\01_World\03_Thematic\11_Hazards\Storms\storm_tracks" dest="\\10.112.66.241\Gis_data\01_World\03_Thematic\11_Hazards\Storms\storm_tracksCopy" date="20151022" time="16130700"></copy></copyHistory><coordRef><type Sync="TRUE">Projected</type><geogcsn Sync="TRUE">GCS_WGS_1984</geogcsn><csUnits Sync="TRUE">Linear Unit: Meter (1.000000)</csUnits><projcsn Sync="TRUE">World_Mercator</projcsn><peXml Sync="TRUE">&lt;ProjectedCoordinateSystem xsi:type='typens:ProjectedCoordinateSystem' xmlns:xsi='http://www.w3.org/2001/XMLSchema-instance' xmlns:xs='http://www.w3.org/2001/XMLSchema' xmlns:typens='http://www.esri.com/schemas/ArcGIS/10.1'&gt;&lt;WKT&gt;PROJCS[&amp;quot;World_Mercator&amp;quot;,GEOGCS[&amp;quot;GCS_WGS_1984&amp;quot;,DATUM[&amp;quot;D_WGS_1984&amp;quot;,SPHEROID[&amp;quot;WGS_1984&amp;quot;,6378137.0,298.257223563]],PRIMEM[&amp;quot;Greenwich&amp;quot;,0.0],UNIT[&amp;quot;Degree&amp;quot;,0.0174532925199433]],PROJECTION[&amp;quot;Mercator&amp;quot;],PARAMETER[&amp;quot;False_Easting&amp;quot;,0.0],PARAMETER[&amp;quot;False_Northing&amp;quot;,0.0],PARAMETER[&amp;quot;Central_Meridian&amp;quot;,0.0],PARAMETER[&amp;quot;Standard_Parallel_1&amp;quot;,0.0],UNIT[&amp;quot;Meter&amp;quot;,1.0],AUTHORITY[&amp;quot;ESRI&amp;quot;,54004]]&lt;/WKT&gt;&lt;XOrigin&gt;-20037700&lt;/XOrigin&gt;&lt;YOrigin&gt;-30198300&lt;/YOrigin&gt;&lt;XYScale&gt;10000&lt;/XYScale&gt;&lt;ZOrigin&gt;-100000&lt;/ZOrigin&gt;&lt;ZScale&gt;10000&lt;/ZScale&gt;&lt;MOrigin&gt;-100000&lt;/MOrigin&gt;&lt;MScale&gt;10000&lt;/MScale&gt;&lt;XYTolerance&gt;0.001&lt;/XYTolerance&gt;&lt;ZTolerance&gt;0.001&lt;/ZTolerance&gt;&lt;MTolerance&gt;0.001&lt;/MTolerance&gt;&lt;HighPrecision&gt;true&lt;/HighPrecision&gt;&lt;WKID&gt;54004&lt;/WKID&gt;&lt;LatestWKID&gt;54004&lt;/LatestWKID&gt;&lt;/ProjectedCoordinateSystem&gt;</peXml></coordRef><lineage><Process ToolSource="c:\program files (x86)\arcgis\desktop10.1\ArcToolbox\Toolboxes\Data Management Tools.tbx\Merge" Date="20151022" Time="161458">Merge storm_tracksCopy;Export_Output C:\Users\jmarinos\Documents\ArcGIS\Default.gdb\storm_tracksCopy_Merge "REGION "REGION" true true false 1 Text 0 0 ,First,#,storm_tracksCopy,REGION,-1,-1;STORM_NO "STORM_NO" true true false 5 Long 0 5 ,First,#,storm_tracksCopy,STORM_NO,-1,-1;NAME "NAME" true true false 12 Text 0 0 ,First,#,storm_tracksCopy,NAME,-1,-1;ADVISORY "ADVISORY" true true false 5 Long 0 5 ,First,#,storm_tracksCopy,ADVISORY,-1,-1;ADV_DATE "ADV_DATE" true true false 8 Date 0 0 ,First,#,storm_tracksCopy,ADV_DATE,-1,-1;ADV_HOUR "ADV_HOUR" true true false 5 Long 0 5 ,First,#,storm_tracksCopy,ADV_HOUR,-1,-1;SPEED "SPEED" true true false 5 Long 0 5 ,First,#,storm_tracksCopy,SPEED,-1,-1;PRESSURE "PRESSURE" true true false 5 Long 0 5 ,First,#,storm_tracksCopy,PRESSURE,-1,-1;TYPE "TYPE" true true false 1 Text 0 0 ,First,#,storm_tracksCopy,TYPE,-1,-1;LAT "LAT" true true false 19 Double 8 18 ,First,#,storm_tracksCopy,LAT,-1,-1;LONG_ "LONG_" true true false 19 Double 8 18 ,First,#,storm_tracksCopy,LONG_,-1,-1;DATE_CONVE "DATE_CONVE" true true false 8 Date 0 0 ,First,#,storm_tracksCopy,DATE_CONVE,-1,-1;LEN "LEN" true true false 19 Double 0 0 ,First,#,storm_tracksCopy,LEN,-1,-1;Y1 "Y1" true true false 19 Double 0 0 ,First,#,Export_Output,Y1,-1,-1;X1 "X1" true true false 19 Double 0 0 ,First,#,Export_Output,X1,-1,-1;Shape_Leng "Shape_Leng" true true false 19 Double 0 0 ,First,#,Export_Output,Shape_Leng,-1,-1;SudiStor_1 "SudiStor_1" true true false 254 Text 0 0 ,First,#,Export_Output,SudiStor_1,-1,-1;SudiStor_2 "SudiStor_2" true true false 19 Double 0 0 ,First,#,Export_Output,SudiStor_2,-1,-1;SudiStor_3 "SudiStor_3" true true false 254 Text 0 0 ,First,#,Export_Output,SudiStor_3,-1,-1;SudiStor_4 "SudiStor_4" true true false 9 Long 0 9 ,First,#,Export_Output,SudiStor_4,-1,-1;SudiStor_5 "SudiStor_5" true true false 254 Text 0 0 ,First,#,Export_Output,SudiStor_5,-1,-1;SudiStor_6 "SudiStor_6" true true false 254 Text 0 0 ,First,#,Export_Output,SudiStor_6,-1,-1;STORM_NA "STORM_NA" true true false 5 Long 0 5 ,First,#,Export_Output,STORM_NA,-1,-1;ADVISORYA "ADVISORYA" true true false 5 Long 0 5 ,First,#,Export_Output,ADVISORYA,-1,-1;PRESSURE_1 "PRESSURE_1" true true false 5 Long 0 5 ,First,#,Export_Output,PRESSURE_1,-1,-1"</Process><Process ToolSource="c:\program files (x86)\arcgis\desktop10.1\ArcToolbox\Toolboxes\Data Management Tools.tbx\CalculateField" Date="20151022" Time="163409">CalculateField storm_tracksCopy_Merge REGION [SudiStor_1] VB #</Process><Process ToolSource="c:\program files (x86)\arcgis\desktop10.1\ArcToolbox\Toolboxes\Data Management Tools.tbx\CalculateField" Date="20151022" Time="163541">CalculateField storm_tracksCopy_Merge NAME [SudiStor_5] VB #</Process><Process ToolSource="c:\program files (x86)\arcgis\desktop10.1\ArcToolbox\Toolboxes\Data Management Tools.tbx\CalculateField" Date="20151022" Time="163917">CalculateField storm_tracksCopy_Merge ADV_DATE [SudiStor_3] VB #</Process><Process ToolSource="c:\program files (x86)\arcgis\desktop10.1\ArcToolbox\Toolboxes\Data Management Tools.tbx\CalculateField" Date="20151022" Time="163957">CalculateField storm_tracksCopy_Merge ADV_HOUR [SudiStor_4] VB #</Process><Process ToolSource="c:\program files (x86)\arcgis\desktop10.1\ArcToolbox\Toolboxes\Data Management Tools.tbx\CalculateField" Date="20151022" Time="164025">CalculateField storm_tracksCopy_Merge SPEED [SudiStor_2] VB #</Process><Process ToolSource="c:\program files (x86)\arcgis\desktop10.1\ArcToolbox\Toolboxes\Data Management Tools.tbx\CalculateField" Date="20151022" Time="164041">CalculateField storm_tracksCopy_Merge TYPE [SudiStor_6] VB #</Process></lineage></DataProperties><SyncDate>20151022</SyncDate><SyncTime>16140000</SyncTime><ModDate>20151022</ModDate><ModTime>16140000</ModTime></Esri><dataIdInfo><envirDesc Sync="TRUE">Microsoft Windows 7 Version 6.1 (Build 7601) Service Pack 1; Esri ArcGIS 10.1.0.3035</envirDesc><dataLang><languageCode value="eng" Sync="TRUE"></languageCode><countryCode value="USA" Sync="TRUE"></countryCode></dataLang><idCitation><resTitle Sync="TRUE">storm_tracksCopy_Merge</resTitle><presForm><PresFormCd value="005" Sync="TRUE"></PresFormCd></presForm></idCitation><spatRpType><SpatRepTypCd value="001" Sync="TRUE"></SpatRepTypCd></spatRpType></dataIdInfo><mdLang><languageCode value="eng" Sync="TRUE"></languageCode><countryCode value="USA" Sync="TRUE"></countryCode></mdLang><distInfo><distFormat><formatName Sync="TRUE">File Geodatabase Feature Class</formatName></distFormat></distInfo><mdHrLv><ScopeCd value="005" Sync="TRUE"></ScopeCd></mdHrLv><mdHrLvName Sync="TRUE">dataset</mdHrLvName><refSysInfo><RefSystem><refSysID><identCode code="54004" Sync="TRUE"></identCode><idCodeSpace Sync="TRUE">ESRI</idCodeSpace><idVersion Sync="TRUE">10.1.0</idVersion></refSysID></RefSystem></refSysInfo><spatRepInfo><VectSpatRep><geometObjs Name="storm_tracksCopy_Merge"><geoObjTyp><GeoObjTypCd value="002" Sync="TRUE"></GeoObjTypCd></geoObjTyp><geoObjCnt Sync="TRUE">0</geoObjCnt></geometObjs><topLvl><TopoLevCd value="001" Sync="TRUE"></TopoLevCd></topLvl></VectSpatRep></spatRepInfo><spdoinfo><ptvctinf><esriterm Name="storm_tracksCopy_Merge"><efeatyp Sync="TRUE">Simple</efeatyp><efeageom code="3" Sync="TRUE"></efeageom><esritopo Sync="TRUE">FALSE</esritopo><efeacnt Sync="TRUE">0</efeacnt><spindex Sync="TRUE">TRUE</spindex><linrefer Sync="TRUE">FALSE</linrefer></esriterm></ptvctinf></spdoinfo><eainfo><detailed Name="storm_tracksCopy_Merge"><enttyp><enttypl Sync="TRUE">storm_tracksCopy_Merge</enttypl><enttypt Sync="TRUE">Feature Class</enttypt><enttypc Sync="TRUE">0</enttypc></enttyp><attr><attrlabl Sync="TRUE">OBJECTID</attrlabl><attalias Sync="TRUE">OBJECTID</attalias><attrtype Sync="TRUE">OID</attrtype><attwidth Sync="TRUE">4</attwidth><atprecis Sync="TRUE">0</atprecis><attscale Sync="TRUE">0</attscale><attrdef Sync="TRUE">Internal feature number.</attrdef><attrdefs Sync="TRUE">Esri</attrdefs><attrdomv><udom Sync="TRUE">Sequential unique whole numbers that are automatically generated.</udom></attrdomv></attr><attr><attrlabl Sync="TRUE">Shape</attrlabl><attalias Sync="TRUE">Shape</attalias><attrtype Sync="TRUE">Geometry</attrtype><attwidth Sync="TRUE">0</attwidth><atprecis Sync="TRUE">0</atprecis><attscale Sync="TRUE">0</attscale><attrdef Sync="TRUE">Feature geometry.</attrdef><attrdefs Sync="TRUE">Esri</attrdefs><attrdomv><udom Sync="TRUE">Coordinates defining the features.</udom></attrdomv></attr><attr><attrlabl Sync="TRUE">REGION</attrlabl><attalias Sync="TRUE">REGION</attalias><attrtype Sync="TRUE">String</attrtype><attwidth Sync="TRUE">1</attwidth><atprecis Sync="TRUE">0</atprecis><attscale Sync="TRUE">0</attscale></attr><attr><attrlabl Sync="TRUE">STORM_NO</attrlabl><attalias Sync="TRUE">STORM_NO</attalias><attrtype Sync="TRUE">Integer</attrtype><attwidth Sync="TRUE">4</attwidth><atprecis Sync="TRUE">0</atprecis><attscale Sync="TRUE">0</attscale></attr><attr><attrlabl Sync="TRUE">NAME</attrlabl><attalias Sync="TRUE">NAME</attalias><attrtype Sync="TRUE">String</attrtype><attwidth Sync="TRUE">12</attwidth><atprecis Sync="TRUE">0</atprecis><attscale Sync="TRUE">0</attscale></attr><attr><attrlabl Sync="TRUE">ADVISORY</attrlabl><attalias Sync="TRUE">ADVISORY</attalias><attrtype Sync="TRUE">Integer</attrtype><attwidth Sync="TRUE">4</attwidth><atprecis Sync="TRUE">0</atprecis><attscale Sync="TRUE">0</attscale></attr><attr><attrlabl Sync="TRUE">ADV_DATE</attrlabl><attalias Sync="TRUE">ADV_DATE</attalias><attrtype Sync="TRUE">Date</attrtype><attwidth Sync="TRUE">8</attwidth><atprecis Sync="TRUE">0</atprecis><attscale Sync="TRUE">0</attscale></attr><attr><attrlabl Sync="TRUE">ADV_HOUR</attrlabl><attalias Sync="TRUE">ADV_HOUR</attalias><attrtype Sync="TRUE">Integer</attrtype><attwidth Sync="TRUE">4</attwidth><atprecis Sync="TRUE">0</atprecis><attscale Sync="TRUE">0</attscale></attr><attr><attrlabl Sync="TRUE">SPEED</attrlabl><attalias Sync="TRUE">SPEED</attalias><attrtype Sync="TRUE">Integer</attrtype><attwidth Sync="TRUE">4</attwidth><atprecis Sync="TRUE">0</atprecis><attscale Sync="TRUE">0</attscale></attr><attr><attrlabl Sync="TRUE">PRESSURE</attrlabl><attalias Sync="TRUE">PRESSURE</attalias><attrtype Sync="TRUE">Integer</attrtype><attwidth Sync="TRUE">4</attwidth><atprecis Sync="TRUE">0</atprecis><attscale Sync="TRUE">0</attscale></attr><attr><attrlabl Sync="TRUE">TYPE</attrlabl><attalias Sync="TRUE">TYPE</attalias><attrtype Sync="TRUE">String</attrtype><attwidth Sync="TRUE">1</attwidth><atprecis Sync="TRUE">0</atprecis><attscale Sync="TRUE">0</attscale></attr><attr><attrlabl Sync="TRUE">LAT</attrlabl><attalias Sync="TRUE">LAT</attalias><attrtype Sync="TRUE">Double</attrtype><attwidth Sync="TRUE">8</attwidth><atprecis Sync="TRUE">0</atprecis><attscale Sync="TRUE">0</attscale></attr><attr><attrlabl Sync="TRUE">LONG_</attrlabl><attalias Sync="TRUE">LONG_</attalias><attrtype Sync="TRUE">Double</attrtype><attwidth Sync="TRUE">8</attwidth><atprecis Sync="TRUE">0</atprecis><attscale Sync="TRUE">0</attscale></attr><attr><attrlabl Sync="TRUE">DATE_CONVE</attrlabl><attalias Sync="TRUE">DATE_CONVE</attalias><attrtype Sync="TRUE">Date</attrtype><attwidth Sync="TRUE">8</attwidth><atprecis Sync="TRUE">0</atprecis><attscale Sync="TRUE">0</attscale></attr><attr><attrlabl Sync="TRUE">LEN</attrlabl><attalias Sync="TRUE">LEN</attalias><attrtype Sync="TRUE">Double</attrtype><attwidth Sync="TRUE">8</attwidth><atprecis Sync="TRUE">0</atprecis><attscale Sync="TRUE">0</attscale></attr><attr><attrlabl Sync="TRUE">Y1</attrlabl><attalias Sync="TRUE">Y1</attalias><attrtype Sync="TRUE">Double</attrtype><attwidth Sync="TRUE">8</attwidth><atprecis Sync="TRUE">0</atprecis><attscale Sync="TRUE">0</attscale></attr><attr><attrlabl Sync="TRUE">X1</attrlabl><attalias Sync="TRUE">X1</attalias><attrtype Sync="TRUE">Double</attrtype><attwidth Sync="TRUE">8</attwidth><atprecis Sync="TRUE">0</atprecis><attscale Sync="TRUE">0</attscale></attr><attr><attrlabl Sync="TRUE">Shape_Leng</attrlabl><attalias Sync="TRUE">Shape_Leng</attalias><attrtype Sync="TRUE">Double</attrtype><attwidth Sync="TRUE">8</attwidth><atprecis Sync="TRUE">0</atprecis><attscale Sync="TRUE">0</attscale></attr><attr><attrlabl Sync="TRUE">SudiStor_1</attrlabl><attalias Sync="TRUE">SudiStor_1</attalias><attrtype Sync="TRUE">String</attrtype><attwidth Sync="TRUE">254</attwidth><atprecis Sync="TRUE">0</atprecis><attscale Sync="TRUE">0</attscale></attr><attr><attrlabl Sync="TRUE">SudiStor_2</attrlabl><attalias Sync="TRUE">SudiStor_2</attalias><attrtype Sync="TRUE">Double</attrtype><attwidth Sync="TRUE">8</attwidth><atprecis Sync="TRUE">0</atprecis><attscale Sync="TRUE">0</attscale></attr><attr><attrlabl Sync="TRUE">SudiStor_3</attrlabl><attalias Sync="TRUE">SudiStor_3</attalias><attrtype Sync="TRUE">String</attrtype><attwidth Sync="TRUE">254</attwidth><atprecis Sync="TRUE">0</atprecis><attscale Sync="TRUE">0</attscale></attr><attr><attrlabl Sync="TRUE">SudiStor_4</attrlabl><attalias Sync="TRUE">SudiStor_4</attalias><attrtype Sync="TRUE">Integer</attrtype><attwidth Sync="TRUE">4</attwidth><atprecis Sync="TRUE">0</atprecis><attscale Sync="TRUE">0</attscale></attr><attr><attrlabl Sync="TRUE">SudiStor_5</attrlabl><attalias Sync="TRUE">SudiStor_5</attalias><attrtype Sync="TRUE">String</attrtype><attwidth Sync="TRUE">254</attwidth><atprecis Sync="TRUE">0</atprecis><attscale Sync="TRUE">0</attscale></attr><attr><attrlabl Sync="TRUE">SudiStor_6</attrlabl><attalias Sync="TRUE">SudiStor_6</attalias><attrtype Sync="TRUE">String</attrtype><attwidth Sync="TRUE">254</attwidth><atprecis Sync="TRUE">0</atprecis><attscale Sync="TRUE">0</attscale></attr><attr><attrlabl Sync="TRUE">STORM_NA</attrlabl><attalias Sync="TRUE">STORM_NA</attalias><attrtype Sync="TRUE">Integer</attrtype><attwidth Sync="TRUE">4</attwidth><atprecis Sync="TRUE">0</atprecis><attscale Sync="TRUE">0</attscale></attr><attr><attrlabl Sync="TRUE">ADVISORYA</attrlabl><attalias Sync="TRUE">ADVISORYA</attalias><attrtype Sync="TRUE">Integer</attrtype><attwidth Sync="TRUE">4</attwidth><atprecis Sync="TRUE">0</atprecis><attscale Sync="TRUE">0</attscale></attr><attr><attrlabl Sync="TRUE">PRESSURE_1</attrlabl><attalias Sync="TRUE">PRESSURE_1</attalias><attrtype Sync="TRUE">Integer</attrtype><attwidth Sync="TRUE">4</attwidth><atprecis Sync="TRUE">0</atprecis><attscale Sync="TRUE">0</attscale></attr><attr><attrlabl Sync="TRUE">Shape_Length</attrlabl><attalias Sync="TRUE">Shape_Length</attalias><attrtype Sync="TRUE">Double</attrtype><attwidth Sync="TRUE">8</attwidth><atprecis Sync="TRUE">0</atprecis><attscale Sync="TRUE">0</attscale><attrdef Sync="TRUE">Length of feature in internal units.</attrdef><attrdefs Sync="TRUE">Esri</attrdefs><attrdomv><udom Sync="TRUE">Positive real numbers that are automatically generated.</udom></attrdomv></attr></detailed></eainfo><mdDateSt Sync="TRUE">20151022</mdDateSt></metadata>
